u00096.2__eSCHERICHIA_COLI_k-12_mg1655_COMPLETE_GENOME__4639675_BP_	NODE_3_length_5563_cov_347.332184	NODE_25_length_19848_cov_372.981812	NODE_10_length_13359_cov_352.404816	NODE_1_length_33177_cov_361.166077	NODE_2_length_7474_cov_361.491028	NODE_4_length_5236_cov_387.213898	NODE_9_length_14518_cov_481.480591
